PRAGMA foreign_keys=OFF;
BEGIN TRANSACTION;
CREATE TABLE IF NOT EXISTS "django_migrations" ("id" integer NOT NULL PRIMARY KEY AUTOINCREMENT, "app" varchar(255) NOT NULL, "name" varchar(255) NOT NULL, "applied" datetime NOT NULL);
INSERT INTO django_migrations VALUES(1,'contenttypes','0001_initial','2022-01-01 13:15:12.552996');
INSERT INTO django_migrations VALUES(2,'auth','0001_initial','2022-01-01 13:15:12.579347');
INSERT INTO django_migrations VALUES(3,'admin','0001_initial','2022-01-01 13:15:12.589926');
INSERT INTO django_migrations VALUES(4,'admin','0002_logentry_remove_auto_add','2022-01-01 13:15:12.606975');
INSERT INTO django_migrations VALUES(5,'admin','0003_logentry_add_action_flag_choices','2022-01-01 13:15:12.617207');
INSERT INTO django_migrations VALUES(6,'contenttypes','0002_remove_content_type_name','2022-01-01 13:15:12.636021');
INSERT INTO django_migrations VALUES(7,'auth','0002_alter_permission_name_max_length','2022-01-01 13:15:12.646618');
INSERT INTO django_migrations VALUES(8,'auth','0003_alter_user_email_max_length','2022-01-01 13:15:12.655736');
INSERT INTO django_migrations VALUES(9,'auth','0004_alter_user_username_opts','2022-01-01 13:15:12.662172');
INSERT INTO django_migrations VALUES(10,'auth','0005_alter_user_last_login_null','2022-01-01 13:15:12.671698');
INSERT INTO django_migrations VALUES(11,'auth','0006_require_contenttypes_0002','2022-01-01 13:15:12.673456');
INSERT INTO django_migrations VALUES(12,'auth','0007_alter_validators_add_error_messages','2022-01-01 13:15:12.679965');
INSERT INTO django_migrations VALUES(13,'auth','0008_alter_user_username_max_length','2022-01-01 13:15:12.691132');
INSERT INTO django_migrations VALUES(14,'auth','0009_alter_user_last_name_max_length','2022-01-01 13:15:12.699942');
INSERT INTO django_migrations VALUES(15,'auth','0010_alter_group_name_max_length','2022-01-01 13:15:12.709971');
INSERT INTO django_migrations VALUES(16,'auth','0011_update_proxy_permissions','2022-01-01 13:15:12.715437');
INSERT INTO django_migrations VALUES(17,'auth','0012_alter_user_first_name_max_length','2022-01-01 13:15:12.723167');
INSERT INTO django_migrations VALUES(18,'sessions','0001_initial','2022-01-01 13:15:12.726476');
INSERT INTO django_migrations VALUES(19,'inventory','0001_initial','2022-01-01 13:46:02.164456');
CREATE TABLE IF NOT EXISTS "auth_group_permissions" ("id" integer NOT NULL PRIMARY KEY AUTOINCREMENT, "group_id" integer NOT NULL REFERENCES "auth_group" ("id") DEFERRABLE INITIALLY DEFERRED, "permission_id" integer NOT NULL REFERENCES "auth_permission" ("id") DEFERRABLE INITIALLY DEFERRED);
CREATE TABLE IF NOT EXISTS "auth_user_groups" ("id" integer NOT NULL PRIMARY KEY AUTOINCREMENT, "user_id" integer NOT NULL REFERENCES "auth_user" ("id") DEFERRABLE INITIALLY DEFERRED, "group_id" integer NOT NULL REFERENCES "auth_group" ("id") DEFERRABLE INITIALLY DEFERRED);
CREATE TABLE IF NOT EXISTS "auth_user_user_permissions" ("id" integer NOT NULL PRIMARY KEY AUTOINCREMENT, "user_id" integer NOT NULL REFERENCES "auth_user" ("id") DEFERRABLE INITIALLY DEFERRED, "permission_id" integer NOT NULL REFERENCES "auth_permission" ("id") DEFERRABLE INITIALLY DEFERRED);
CREATE TABLE IF NOT EXISTS "django_admin_log" ("id" integer NOT NULL PRIMARY KEY AUTOINCREMENT, "action_time" datetime NOT NULL, "object_id" text NULL, "object_repr" varchar(200) NOT NULL, "change_message" text NOT NULL, "content_type_id" integer NULL REFERENCES "django_content_type" ("id") DEFERRABLE INITIALLY DEFERRED, "user_id" integer NOT NULL REFERENCES "auth_user" ("id") DEFERRABLE INITIALLY DEFERRED, "action_flag" smallint unsigned NOT NULL CHECK ("action_flag" >= 0));
INSERT INTO django_admin_log VALUES(1,'2022-01-01 13:59:49.056877','1','Bangalore','[{"added": {}}]',12,1,1);
INSERT INTO django_admin_log VALUES(2,'2022-01-01 14:00:08.671707','1','PVR','[{"added": {}}]',13,1,1);
INSERT INTO django_admin_log VALUES(3,'2022-01-01 14:02:22.518211','1','SpiderMan Far from Home','[{"added": {}}]',9,1,1);
INSERT INTO django_admin_log VALUES(4,'2022-01-01 14:03:29.890530','1','Spider-Man: Far from Home','[{"changed": {"fields": ["Name", "Image"]}}]',9,1,2);
INSERT INTO django_admin_log VALUES(5,'2022-01-01 14:21:59.240639','1','Spider-Man: Far from Home|PVR|2022-01-01 13:00:00+00:00','[{"added": {}}]',10,1,1);
INSERT INTO django_admin_log VALUES(6,'2022-01-01 14:22:47.894553','1','A0|Spider-Man: Far from Home|PVR|2022-01-01 13:00:00+00:00','[{"added": {}}]',8,1,1);
INSERT INTO django_admin_log VALUES(7,'2022-01-02 12:09:59.073924','2','A1|Spider-Man: Far from Home|PVR|2022-01-01 13:00:00+00:00','[{"added": {}}]',8,1,1);
INSERT INTO django_admin_log VALUES(8,'2022-01-02 12:11:33.853332','2','Sing 2','[{"added": {}}]',9,1,1);
INSERT INTO django_admin_log VALUES(9,'2022-01-02 12:11:56.173950','3','83','[{"added": {}}]',9,1,1);
INSERT INTO django_admin_log VALUES(10,'2022-01-02 12:12:35.797979','1','PVR','[{"changed": {"fields": ["Total screens"]}}]',13,1,2);
INSERT INTO django_admin_log VALUES(11,'2022-01-02 12:12:59.266563','2','Inox','[{"added": {}}]',13,1,1);
INSERT INTO django_admin_log VALUES(12,'2022-01-02 12:13:20.094926','2','Hyderabad','[{"added": {}}]',12,1,1);
INSERT INTO django_admin_log VALUES(13,'2022-01-02 12:14:09.351918','3','Carnival','[{"added": {}}]',13,1,1);
INSERT INTO django_admin_log VALUES(14,'2022-01-02 12:14:53.117063','2','Sing 2|Inox|2022-01-02 12:14:48+00:00','[{"added": {}}]',10,1,1);
INSERT INTO django_admin_log VALUES(15,'2022-01-02 12:15:17.688414','3','83|PVR|2022-01-02 12:15:15+00:00','[{"added": {}}]',10,1,1);
INSERT INTO django_admin_log VALUES(16,'2022-01-02 12:15:29.263402','4','83|Carnival|2022-01-02 12:15:27+00:00','[{"added": {}}]',10,1,1);
INSERT INTO django_admin_log VALUES(17,'2022-01-02 12:15:53.278332','3','A0|Sing 2|Inox|2022-01-02 12:14:48+00:00','[{"added": {}}]',8,1,1);
INSERT INTO django_admin_log VALUES(18,'2022-01-02 12:16:02.175401','4','B0|83|PVR|2022-01-02 12:15:15+00:00','[{"added": {}}]',8,1,1);
INSERT INTO django_admin_log VALUES(19,'2022-01-02 12:16:13.131780','5','B1|Sing 2|Inox|2022-01-02 12:14:48+00:00','[{"added": {}}]',8,1,1);
INSERT INTO django_admin_log VALUES(20,'2022-01-02 12:16:29.107353','6','B1|83|PVR|2022-01-02 12:15:15+00:00','[{"added": {}}]',8,1,1);
INSERT INTO django_admin_log VALUES(21,'2022-01-02 15:55:14.125377','4','83|Carnival|2022-01-02 12:30:27+00:00','[{"changed": {"fields": ["Timing"]}}]',10,1,2);
CREATE TABLE IF NOT EXISTS "django_content_type" ("id" integer NOT NULL PRIMARY KEY AUTOINCREMENT, "app_label" varchar(100) NOT NULL, "model" varchar(100) NOT NULL);
INSERT INTO django_content_type VALUES(1,'admin','logentry');
INSERT INTO django_content_type VALUES(2,'auth','permission');
INSERT INTO django_content_type VALUES(3,'auth','group');
INSERT INTO django_content_type VALUES(4,'auth','user');
INSERT INTO django_content_type VALUES(5,'contenttypes','contenttype');
INSERT INTO django_content_type VALUES(6,'sessions','session');
INSERT INTO django_content_type VALUES(7,'inventory','booking');
INSERT INTO django_content_type VALUES(8,'inventory','seat');
INSERT INTO django_content_type VALUES(9,'inventory','movie');
INSERT INTO django_content_type VALUES(10,'inventory','show');
INSERT INTO django_content_type VALUES(11,'inventory','seatbooked');
INSERT INTO django_content_type VALUES(12,'inventory','city');
INSERT INTO django_content_type VALUES(13,'inventory','theatre');
INSERT INTO django_content_type VALUES(14,'booking','booking');
CREATE TABLE IF NOT EXISTS "auth_permission" ("id" integer NOT NULL PRIMARY KEY AUTOINCREMENT, "content_type_id" integer NOT NULL REFERENCES "django_content_type" ("id") DEFERRABLE INITIALLY DEFERRED, "codename" varchar(100) NOT NULL, "name" varchar(255) NOT NULL);
INSERT INTO auth_permission VALUES(1,1,'add_logentry','Can add log entry');
INSERT INTO auth_permission VALUES(2,1,'change_logentry','Can change log entry');
INSERT INTO auth_permission VALUES(3,1,'delete_logentry','Can delete log entry');
INSERT INTO auth_permission VALUES(4,1,'view_logentry','Can view log entry');
INSERT INTO auth_permission VALUES(5,2,'add_permission','Can add permission');
INSERT INTO auth_permission VALUES(6,2,'change_permission','Can change permission');
INSERT INTO auth_permission VALUES(7,2,'delete_permission','Can delete permission');
INSERT INTO auth_permission VALUES(8,2,'view_permission','Can view permission');
INSERT INTO auth_permission VALUES(9,3,'add_group','Can add group');
INSERT INTO auth_permission VALUES(10,3,'change_group','Can change group');
INSERT INTO auth_permission VALUES(11,3,'delete_group','Can delete group');
INSERT INTO auth_permission VALUES(12,3,'view_group','Can view group');
INSERT INTO auth_permission VALUES(13,4,'add_user','Can add user');
INSERT INTO auth_permission VALUES(14,4,'change_user','Can change user');
INSERT INTO auth_permission VALUES(15,4,'delete_user','Can delete user');
INSERT INTO auth_permission VALUES(16,4,'view_user','Can view user');
INSERT INTO auth_permission VALUES(17,5,'add_contenttype','Can add content type');
INSERT INTO auth_permission VALUES(18,5,'change_contenttype','Can change content type');
INSERT INTO auth_permission VALUES(19,5,'delete_contenttype','Can delete content type');
INSERT INTO auth_permission VALUES(20,5,'view_contenttype','Can view content type');
INSERT INTO auth_permission VALUES(21,6,'add_session','Can add session');
INSERT INTO auth_permission VALUES(22,6,'change_session','Can change session');
INSERT INTO auth_permission VALUES(23,6,'delete_session','Can delete session');
INSERT INTO auth_permission VALUES(24,6,'view_session','Can view session');
INSERT INTO auth_permission VALUES(25,7,'add_booking','Can add booking');
INSERT INTO auth_permission VALUES(26,7,'change_booking','Can change booking');
INSERT INTO auth_permission VALUES(27,7,'delete_booking','Can delete booking');
INSERT INTO auth_permission VALUES(28,7,'view_booking','Can view booking');
INSERT INTO auth_permission VALUES(29,8,'add_seat','Can add seat');
INSERT INTO auth_permission VALUES(30,8,'change_seat','Can change seat');
INSERT INTO auth_permission VALUES(31,8,'delete_seat','Can delete seat');
INSERT INTO auth_permission VALUES(32,8,'view_seat','Can view seat');
INSERT INTO auth_permission VALUES(33,9,'add_movie','Can add movie');
INSERT INTO auth_permission VALUES(34,9,'change_movie','Can change movie');
INSERT INTO auth_permission VALUES(35,9,'delete_movie','Can delete movie');
INSERT INTO auth_permission VALUES(36,9,'view_movie','Can view movie');
INSERT INTO auth_permission VALUES(37,10,'add_show','Can add show');
INSERT INTO auth_permission VALUES(38,10,'change_show','Can change show');
INSERT INTO auth_permission VALUES(39,10,'delete_show','Can delete show');
INSERT INTO auth_permission VALUES(40,10,'view_show','Can view show');
INSERT INTO auth_permission VALUES(41,11,'add_seatbooked','Can add seat booked');
INSERT INTO auth_permission VALUES(42,11,'change_seatbooked','Can change seat booked');
INSERT INTO auth_permission VALUES(43,11,'delete_seatbooked','Can delete seat booked');
INSERT INTO auth_permission VALUES(44,11,'view_seatbooked','Can view seat booked');
INSERT INTO auth_permission VALUES(45,12,'add_city','Can add city');
INSERT INTO auth_permission VALUES(46,12,'change_city','Can change city');
INSERT INTO auth_permission VALUES(47,12,'delete_city','Can delete city');
INSERT INTO auth_permission VALUES(48,12,'view_city','Can view city');
INSERT INTO auth_permission VALUES(49,13,'add_theatre','Can add theatre');
INSERT INTO auth_permission VALUES(50,13,'change_theatre','Can change theatre');
INSERT INTO auth_permission VALUES(51,13,'delete_theatre','Can delete theatre');
INSERT INTO auth_permission VALUES(52,13,'view_theatre','Can view theatre');
CREATE TABLE IF NOT EXISTS "auth_group" ("id" integer NOT NULL PRIMARY KEY AUTOINCREMENT, "name" varchar(150) NOT NULL UNIQUE);
CREATE TABLE IF NOT EXISTS "auth_user" ("id" integer NOT NULL PRIMARY KEY AUTOINCREMENT, "password" varchar(128) NOT NULL, "last_login" datetime NULL, "is_superuser" bool NOT NULL, "username" varchar(150) NOT NULL UNIQUE, "last_name" varchar(150) NOT NULL, "email" varchar(254) NOT NULL, "is_staff" bool NOT NULL, "is_active" bool NOT NULL, "date_joined" datetime NOT NULL, "first_name" varchar(150) NOT NULL);
INSERT INTO auth_user VALUES(1,'pbkdf2_sha256$320000$bqvNz6qHVirzw7tX7s3rY6$z1TgA2oyPp76llTqTfRyq25qo+I2nxJTjWxuQuLVZSU=','2022-01-01 13:40:24.942815',1,'shubratha','','shubratha.leo@gmail.com',1,1,'2022-01-01 13:39:38.040383','');
INSERT INTO auth_user VALUES(2,'pbkdf2_sha256$320000$E8zMzZJkMhuBvXAQhzzKuI$XFxW4sz9zqSQz5JYDWjtEDBw7BT/L24B0/3JGSGeilo=',NULL,0,'test','','test@test.com',0,1,'2022-01-01 16:11:08.888005','');
INSERT INTO auth_user VALUES(3,'pbkdf2_sha256$320000$h3oKnZJTBOqjOb53xO3guk$Gu4dM97sdE4l9bUH1mJR4LYKZj5w0Mp2DGV8l8FplVg=',NULL,0,'test1','test','test@test.com',0,1,'2022-01-01 16:12:28.523330','test');
INSERT INTO auth_user VALUES(4,'pbkdf2_sha256$320000$VZe0v0xrKBbmdcb8wzQJON$tF89yUThLwwsvXPtDw/ywDgISiEvabY7N9TJDzTXRzk=',NULL,0,'viggy','piggy','viggy@piggy.com',0,1,'2022-01-02 15:59:18.435732','viggy');
CREATE TABLE IF NOT EXISTS "django_session" ("session_key" varchar(40) NOT NULL PRIMARY KEY, "session_data" text NOT NULL, "expire_date" datetime NOT NULL);
INSERT INTO django_session VALUES('63ehxrsmenevna7i79hue1ob1ddrckht','.eJxVjDsOwyAQBe9CHSEwH0PK9D4DWnYhOIlAMnYV5e6xJRdJ-2bmvVmAbS1h62kJM7Erk-zyu0XAZ6oHoAfUe-PY6rrMkR8KP2nnU6P0up3u30GBXvbaalQkkcQgwJuRyDryDqSz2qLDUVgwqKxR3kdHmAeBJu1R1hldzop9vts6OBo:1n3ecS:YIP14TrEYACBch_J2gdzQTF84jTFxSkoxTFvmUwSDuw','2022-01-15 13:40:24.944731');
CREATE TABLE IF NOT EXISTS "booking" ("id" integer NOT NULL PRIMARY KEY AUTOINCREMENT, "booking_id" varchar(200) NOT NULL UNIQUE, "timestamp" datetime NOT NULL, "amount" decimal NULL, "customer_id" integer NOT NULL REFERENCES "auth_user" ("id") DEFERRABLE INITIALLY DEFERRED);
INSERT INTO booking VALUES(1,'e10b7b7f-5888-4118-8ad6-14e6063c07bc','2022-01-02 11:57:56.522427',NULL,2);
INSERT INTO booking VALUES(2,'e2dc4ff5-0311-463d-bcf3-7c33e1bd22de','2022-01-02 12:21:36.802549',NULL,2);
INSERT INTO booking VALUES(3,'ed69a056-67ca-4124-a95b-42b6ccfa0a6b','2022-01-02 15:47:16.026553',NULL,2);
CREATE TABLE IF NOT EXISTS "city" ("id" integer NOT NULL PRIMARY KEY AUTOINCREMENT, "name" varchar(50) NOT NULL UNIQUE);
INSERT INTO city VALUES(1,'Bangalore');
INSERT INTO city VALUES(2,'Hyderabad');
CREATE TABLE IF NOT EXISTS "movie" ("id" integer NOT NULL PRIMARY KEY AUTOINCREMENT, "name" varchar(50) NOT NULL UNIQUE, "image" varchar(100) NULL, "language" varchar(10) NOT NULL, "is_active" bool NOT NULL);
INSERT INTO movie VALUES(1,'Spider-Man: Far from Home','media/poster.jpg','ENGLISH',1);
INSERT INTO movie VALUES(2,'Sing 2','','ENGLISH',1);
INSERT INTO movie VALUES(3,'83','','HINDI',1);
CREATE TABLE IF NOT EXISTS "theatre" ("id" integer NOT NULL PRIMARY KEY AUTOINCREMENT, "name" varchar(50) NOT NULL UNIQUE, "total_screens" integer NOT NULL, "fk_city_id" bigint NOT NULL REFERENCES "city" ("id") DEFERRABLE INITIALLY DEFERRED);
INSERT INTO theatre VALUES(1,'PVR',2,1);
INSERT INTO theatre VALUES(2,'Inox',1,1);
INSERT INTO theatre VALUES(3,'Carnival',1,2);
CREATE TABLE IF NOT EXISTS "show" ("id" integer NOT NULL PRIMARY KEY AUTOINCREMENT, "screen" integer NOT NULL, "timing" datetime NOT NULL, "duration" integer NOT NULL, "date_modified" datetime NOT NULL, "movie_id" bigint NOT NULL REFERENCES "movie" ("id") DEFERRABLE INITIALLY DEFERRED, "theatre_id" bigint NULL REFERENCES "theatre" ("id") DEFERRABLE INITIALLY DEFERRED);
INSERT INTO show VALUES(1,1,'2022-01-01 13:00:00',150,'2022-01-01 14:21:59.238328',1,1);
INSERT INTO show VALUES(2,1,'2022-01-02 12:14:48',150,'2022-01-02 12:14:53.115962',2,2);
INSERT INTO show VALUES(3,2,'2022-01-02 12:15:15',150,'2022-01-02 12:15:17.687190',3,1);
INSERT INTO show VALUES(4,1,'2022-01-02 12:30:27',150,'2022-01-02 15:55:14.123550',3,3);
CREATE TABLE IF NOT EXISTS "seat" ("id" integer NOT NULL PRIMARY KEY AUTOINCREMENT, "number" varchar(3) NULL, "is_available" bool NOT NULL, "show_id" bigint NOT NULL REFERENCES "show" ("id") DEFERRABLE INITIALLY DEFERRED);
INSERT INTO seat VALUES(1,'A0',0,1);
INSERT INTO seat VALUES(2,'A1',0,1);
INSERT INTO seat VALUES(3,'A0',1,2);
INSERT INTO seat VALUES(4,'B0',0,3);
INSERT INTO seat VALUES(5,'B1',1,2);
INSERT INTO seat VALUES(6,'B1',0,3);
CREATE TABLE IF NOT EXISTS "bookedSeats" ("id" integer NOT NULL PRIMARY KEY AUTOINCREMENT, "timestamp" datetime NOT NULL, "booking_id" bigint NOT NULL REFERENCES "booking" ("id") DEFERRABLE INITIALLY DEFERRED, "seat_id" bigint NOT NULL REFERENCES "seat" ("id") DEFERRABLE INITIALLY DEFERRED);
INSERT INTO bookedSeats VALUES(1,'2022-01-02 11:57:56.528355',1,1);
INSERT INTO bookedSeats VALUES(2,'2022-01-02 12:21:36.807348',2,4);
INSERT INTO bookedSeats VALUES(3,'2022-01-02 12:21:36.807384',2,6);
INSERT INTO bookedSeats VALUES(4,'2022-01-02 15:47:16.033404',3,2);
DELETE FROM sqlite_sequence;
INSERT INTO sqlite_sequence VALUES('django_migrations',19);
INSERT INTO sqlite_sequence VALUES('django_admin_log',21);
INSERT INTO sqlite_sequence VALUES('django_content_type',14);
INSERT INTO sqlite_sequence VALUES('auth_permission',52);
INSERT INTO sqlite_sequence VALUES('auth_group',0);
INSERT INTO sqlite_sequence VALUES('auth_user',4);
INSERT INTO sqlite_sequence VALUES('city',2);
INSERT INTO sqlite_sequence VALUES('theatre',3);
INSERT INTO sqlite_sequence VALUES('movie',3);
INSERT INTO sqlite_sequence VALUES('show',4);
INSERT INTO sqlite_sequence VALUES('seat',6);
INSERT INTO sqlite_sequence VALUES('booking',3);
INSERT INTO sqlite_sequence VALUES('bookedSeats',4);
CREATE UNIQUE INDEX "auth_group_permissions_group_id_permission_id_0cd325b0_uniq" ON "auth_group_permissions" ("group_id", "permission_id");
CREATE INDEX "auth_group_permissions_group_id_b120cbf9" ON "auth_group_permissions" ("group_id");
CREATE INDEX "auth_group_permissions_permission_id_84c5c92e" ON "auth_group_permissions" ("permission_id");
CREATE UNIQUE INDEX "auth_user_groups_user_id_group_id_94350c0c_uniq" ON "auth_user_groups" ("user_id", "group_id");
CREATE INDEX "auth_user_groups_user_id_6a12ed8b" ON "auth_user_groups" ("user_id");
CREATE INDEX "auth_user_groups_group_id_97559544" ON "auth_user_groups" ("group_id");
CREATE UNIQUE INDEX "auth_user_user_permissions_user_id_permission_id_14a6b632_uniq" ON "auth_user_user_permissions" ("user_id", "permission_id");
CREATE INDEX "auth_user_user_permissions_user_id_a95ead1b" ON "auth_user_user_permissions" ("user_id");
CREATE INDEX "auth_user_user_permissions_permission_id_1fbb5f2c" ON "auth_user_user_permissions" ("permission_id");
CREATE INDEX "django_admin_log_content_type_id_c4bce8eb" ON "django_admin_log" ("content_type_id");
CREATE INDEX "django_admin_log_user_id_c564eba6" ON "django_admin_log" ("user_id");
CREATE UNIQUE INDEX "django_content_type_app_label_model_76bd3d3b_uniq" ON "django_content_type" ("app_label", "model");
CREATE UNIQUE INDEX "auth_permission_content_type_id_codename_01ab375a_uniq" ON "auth_permission" ("content_type_id", "codename");
CREATE INDEX "auth_permission_content_type_id_2f476e4b" ON "auth_permission" ("content_type_id");
CREATE INDEX "django_session_expire_date_a5c62663" ON "django_session" ("expire_date");
CREATE INDEX "booking_customer_id_6791ff7a" ON "booking" ("customer_id");
CREATE INDEX "theatre_fk_city_id_526a86ee" ON "theatre" ("fk_city_id");
CREATE INDEX "show_movie_id_cd3e0738" ON "show" ("movie_id");
CREATE INDEX "show_theatre_id_82114ea0" ON "show" ("theatre_id");
CREATE UNIQUE INDEX "seat_number_show_id_250373a6_uniq" ON "seat" ("number", "show_id");
CREATE INDEX "seat_show_id_24a2e31f" ON "seat" ("show_id");
CREATE UNIQUE INDEX "bookedSeats_seat_id_booking_id_88a6228c_uniq" ON "bookedSeats" ("seat_id", "booking_id");
CREATE INDEX "bookedSeats_booking_id_35a1b663" ON "bookedSeats" ("booking_id");
CREATE INDEX "bookedSeats_seat_id_346afe22" ON "bookedSeats" ("seat_id");
COMMIT;
